{
  "version": 1,
  "author": "Vidya sagar Vandrangi",
  "editor": "wokwi",
  "parts": [
    { "type": "wokwi-arduino-uno", "id": "uno", "top": 0, "left": 0, "attrs": {} },
    {
      "type": "wokwi-led",
      "id": "led1",
      "top": -118.8,
      "left": 195.8,
      "attrs": { "color": "red" }
    },
    {
      "type": "wokwi-led",
      "id": "led2",
      "top": -128.4,
      "left": 147.8,
      "attrs": { "color": "red" }
    },
    { "type": "wokwi-led", "id": "led3", "top": -138, "left": 109.4, "attrs": { "color": "red" } },
    {
      "type": "wokwi-resistor",
      "id": "r1",
      "top": -43.2,
      "left": 105.05,
      "rotate": 90,
      "attrs": { "value": "1000" }
    },
    {
      "type": "wokwi-resistor",
      "id": "r2",
      "top": -43.2,
      "left": 143.45,
      "rotate": 90,
      "attrs": { "value": "1000" }
    },
    {
      "type": "wokwi-resistor",
      "id": "r3",
      "top": -33.6,
      "left": 191.45,
      "rotate": 90,
      "attrs": { "value": "1000" }
    }
  ],
  "connections": [
    [ "r1:1", "led3:A", "green", [ "h0" ] ],
    [ "r1:2", "uno:12", "green", [ "h0" ] ],
    [ "led2:C", "uno:GND.1", "green", [ "v48", "h-38" ] ],
    [ "led3:C", "uno:GND.1", "green", [ "v48", "h-9.2", "v48" ] ],
    [ "led1:C", "uno:GND.1", "green", [ "v28.8", "h-95.6" ] ],
    [ "led2:A", "r2:1", "green", [ "v0" ] ],
    [ "uno:8", "r2:2", "green", [ "v0" ] ],
    [ "led1:A", "r3:1", "green", [ "v0" ] ],
    [ "r3:2", "uno:4", "green", [ "h0" ] ]
  ],
  "dependencies": {}
}